ID,Type,SKU,Name,Published,Is featured?,Visibility in catalog,Short description,Description,In stock?,Stock,Sale price,Regular price,Categories,Tags,Images,Parent,Position,Attribute 1 name,Attribute 1 value(s),Attribute 1 visible,Attribute 1 global,MI Collection,MI Type,MI Colours,MI Fit,MI Fabric,MI Artwork,MI Palette,MI Cost price,MI Popularity,MI Rating,MI Review count
,variable,MIT-TEE-01,Everyday White Crew Tee,1,1,visible,,"Everyday White Crew Tee from the Everyday Icons drop. Regular everyday fit cut in 180 gsm combed cotton jersey, finished with the clean lines · no print artwork. Pre-shrunk, colour-fast and built for daily rotation.",1,,,,Men,"bestseller, sale","{{IMAGE_BASE}}/tee-01-a.jpg, {{IMAGE_BASE}}/tee-01-b.jpg",,0,Size,"XS, S, M, L, XL, XXL",1,1,everyday-icons,T-shirt,Optic White | #f4f4f2; Midnight Black | #17181a; Ash Grey | #9a9a98,Regular everyday fit,180 GSM combed cotton jersey,Clean lines · No print,#131313 #ef3f2f #f3f0ea,378,980,4.6,218
,variation,MIT-TEE-01-XS,Everyday White Crew Tee - XS,1,,,,,0,0,899,1299,,,,MIT-TEE-01,1,Size,XS,,1,,,,,,,,,,,
,variation,MIT-TEE-01-S,Everyday White Crew Tee - S,1,,,,,1,10,899,1299,,,,MIT-TEE-01,2,Size,S,,1,,,,,,,,,,,
,variation,MIT-TEE-01-M,Everyday White Crew Tee - M,1,,,,,1,24,899,1299,,,,MIT-TEE-01,3,Size,M,,1,,,,,,,,,,,
,variation,MIT-TEE-01-L,Everyday White Crew Tee - L,1,,,,,1,18,899,1299,,,,MIT-TEE-01,4,Size,L,,1,,,,,,,,,,,
,variation,MIT-TEE-01-XL,Everyday White Crew Tee - XL,1,,,,,1,21,899,1299,,,,MIT-TEE-01,5,Size,XL,,1,,,,,,,,,,,
,variation,MIT-TEE-01-XXL,Everyday White Crew Tee - XXL,1,,,,,1,3,899,1299,,,,MIT-TEE-01,6,Size,XXL,,1,,,,,,,,,,,
,variable,MIT-TEE-02,Signature Colour Tee,1,0,visible,,"Signature Colour Tee from the Everyday Icons drop. Regular everyday fit cut in 180 gsm bio-washed cotton, finished with the clean lines · solid dye artwork. Pre-shrunk, colour-fast and built for daily rotation.",1,,,,Men,"new, sale","{{IMAGE_BASE}}/tee-02-a.jpg, {{IMAGE_BASE}}/tee-02-b.jpg",,1,Size,"XS, S, M, L, XL, XXL",1,1,everyday-icons,T-shirt,Signal Red | #b6202a; Deep Navy | #1f3357; Mustard | #e0b12c,Regular everyday fit,180 GSM bio-washed cotton,Clean lines · Solid dye,#131313 #ef3f2f #f3f0ea,336,910,4.4,143
,variation,MIT-TEE-02-XS,Signature Colour Tee - XS,1,,,,,1,10,799,1099,,,,MIT-TEE-02,1,Size,XS,,1,,,,,,,,,,,
,variation,MIT-TEE-02-S,Signature Colour Tee - S,1,,,,,1,27,799,1099,,,,MIT-TEE-02,2,Size,S,,1,,,,,,,,,,,
,variation,MIT-TEE-02-M,Signature Colour Tee - M,1,,,,,1,32,799,1099,,,,MIT-TEE-02,3,Size,M,,1,,,,,,,,,,,
,variation,MIT-TEE-02-L,Signature Colour Tee - L,1,,,,,1,29,799,1099,,,,MIT-TEE-02,4,Size,L,,1,,,,,,,,,,,
,variation,MIT-TEE-02-XL,Signature Colour Tee - XL,1,,,,,1,20,799,1099,,,,MIT-TEE-02,5,Size,XL,,1,,,,,,,,,,,
,variation,MIT-TEE-02-XXL,Signature Colour Tee - XXL,1,,,,,1,30,799,1099,,,,MIT-TEE-02,6,Size,XXL,,1,,,,,,,,,,,
,variable,MIT-TEE-03,Midnight Black Tee,1,0,visible,,"Midnight Black Tee from the Everyday Icons drop. Relaxed fit cut in 200 gsm combed cotton jersey, finished with the clean lines · garment dyed artwork. Pre-shrunk, colour-fast and built for daily rotation.",1,,,,Men,new,"{{IMAGE_BASE}}/tee-03-a.jpg, {{IMAGE_BASE}}/tee-03-b.jpg",,2,Size,"XS, S, M, L, XL, XXL",1,1,everyday-icons,T-shirt,Midnight Black | #17181a; Forest | #25402f,Relaxed fit,200 GSM combed cotton jersey,Clean lines · Garment dyed,#131313 #ef3f2f #f3f0ea,441,870,4.7,96
,variation,MIT-TEE-03-XS,Midnight Black Tee - XS,1,,,,,1,10,1049,1399,,,,MIT-TEE-03,1,Size,XS,,1,,,,,,,,,,,
,variation,MIT-TEE-03-S,Midnight Black Tee - S,1,,,,,1,30,1049,1399,,,,MIT-TEE-03,2,Size,S,,1,,,,,,,,,,,
,variation,MIT-TEE-03-M,Midnight Black Tee - M,1,,,,,1,13,1049,1399,,,,MIT-TEE-03,3,Size,M,,1,,,,,,,,,,,
,variation,MIT-TEE-03-L,Midnight Black Tee - L,1,,,,,1,2,1049,1399,,,,MIT-TEE-03,4,Size,L,,1,,,,,,,,,,,
,variation,MIT-TEE-03-XL,Midnight Black Tee - XL,1,,,,,1,4,1049,1399,,,,MIT-TEE-03,5,Size,XL,,1,,,,,,,,,,,
,variation,MIT-TEE-03-XXL,Midnight Black Tee - XXL,1,,,,,0,0,1049,1399,,,,MIT-TEE-03,6,Size,XXL,,1,,,,,,,,,,,
,variable,MIT-SHT-01,Sharp White Shirt,1,1,visible,,"Sharp White Shirt from the Everyday Icons drop. Slim-through-the-body fit cut in wrinkle-resistant cotton poplin, finished with the clean lines · hidden placket artwork. Pre-shrunk, colour-fast and built for daily rotation.",1,,,,Men,bestseller,"{{IMAGE_BASE}}/shirt-01-a.jpg, {{IMAGE_BASE}}/shirt-01-b.jpg",,3,Size,"XS, S, M, L, XL, XXL",1,1,everyday-icons,Shirt,Optic White | #f4f4f2; Sand | #d8cbb4,Slim-through-the-body fit,Wrinkle-resistant cotton poplin,Clean lines · Hidden placket,#131313 #ef3f2f #f3f0ea,756,840,4.5,74
,variation,MIT-SHT-01-XS,Sharp White Shirt - XS,1,,,,,1,10,1799,2299,,,,MIT-SHT-01,1,Size,XS,,1,,,,,,,,,,,
,variation,MIT-SHT-01-S,Sharp White Shirt - S,1,,,,,1,32,1799,2299,,,,MIT-SHT-01,2,Size,S,,1,,,,,,,,,,,
,variation,MIT-SHT-01-M,Sharp White Shirt - M,1,,,,,1,27,1799,2299,,,,MIT-SHT-01,3,Size,M,,1,,,,,,,,,,,
,variation,MIT-SHT-01-L,Sharp White Shirt - L,1,,,,,1,10,1799,2299,,,,MIT-SHT-01,4,Size,L,,1,,,,,,,,,,,
,variation,MIT-SHT-01-XL,Sharp White Shirt - XL,1,,,,,1,21,1799,2299,,,,MIT-SHT-01,5,Size,XL,,1,,,,,,,,,,,
,variation,MIT-SHT-01-XXL,Sharp White Shirt - XXL,1,,,,,1,16,1799,2299,,,,MIT-SHT-01,6,Size,XXL,,1,,,,,,,,,,,
,variable,MIT-SHT-02,Blue Pinstripe Shirt,1,0,visible,,"Blue Pinstripe Shirt from the Everyday Icons drop. Regular office fit cut in yarn-dyed cotton with a soft finish, finished with the clean lines · fine stripe artwork. Pre-shrunk, colour-fast and built for daily rotation.",1,,,,Men,new,"{{IMAGE_BASE}}/shirt-02-a.jpg, {{IMAGE_BASE}}/shirt-02-b.jpg",,4,Size,"XS, S, M, L, XL, XXL",1,1,everyday-icons,Shirt,Sky Blue | #9db9d8; Optic White | #f4f4f2,Regular office fit,Yarn-dyed cotton with a soft finish,Clean lines · Fine stripe,#131313 #ef3f2f #f3f0ea,882,760,4.3,51
,variation,MIT-SHT-02-XS,Blue Pinstripe Shirt - XS,1,,,,,0,0,2099,2499,,,,MIT-SHT-02,1,Size,XS,,1,,,,,,,,,,,
,variation,MIT-SHT-02-S,Blue Pinstripe Shirt - S,1,,,,,0,0,2099,2499,,,,MIT-SHT-02,2,Size,S,,1,,,,,,,,,,,
,variation,MIT-SHT-02-M,Blue Pinstripe Shirt - M,1,,,,,1,10,2099,2499,,,,MIT-SHT-02,3,Size,M,,1,,,,,,,,,,,
,variation,MIT-SHT-02-L,Blue Pinstripe Shirt - L,1,,,,,1,35,2099,2499,,,,MIT-SHT-02,4,Size,L,,1,,,,,,,,,,,
,variation,MIT-SHT-02-XL,Blue Pinstripe Shirt - XL,1,,,,,1,7,2099,2499,,,,MIT-SHT-02,5,Size,XL,,1,,,,,,,,,,,
,variation,MIT-SHT-02-XXL,Blue Pinstripe Shirt - XXL,1,,,,,1,17,2099,2499,,,,MIT-SHT-02,6,Size,XXL,,1,,,,,,,,,,,
,variable,MIT-PJ-01,Red Check Flannel Pyjama Set,1,1,visible,,"Red Check Flannel Pyjama Set from the Soft Nights drop. Relaxed two-piece set cut in brushed cotton flannel, finished with the soft focus · tartan check artwork. Pre-shrunk, colour-fast and built for daily rotation.",1,,,,Women,"bestseller, sale","{{IMAGE_BASE}}/pj-01-a.jpg, {{IMAGE_BASE}}/pj-01-b.jpg",,5,Size,"XS, S, M, L, XL, XXL",1,1,soft-nights,Pyjama Set,Rosewood | #a8455a; Forest Check | #2f4a3a,Relaxed two-piece set,Brushed cotton flannel,Soft focus · Tartan check,#8a4a5c #f0c5cd #fdf6f3,714,950,4.8,164
,variation,MIT-PJ-01-XS,Red Check Flannel Pyjama Set - XS,1,,,,,1,18,1699,2499,,,,MIT-PJ-01,1,Size,XS,,1,,,,,,,,,,,
,variation,MIT-PJ-01-S,Red Check Flannel Pyjama Set - S,1,,,,,1,13,1699,2499,,,,MIT-PJ-01,2,Size,S,,1,,,,,,,,,,,
,variation,MIT-PJ-01-M,Red Check Flannel Pyjama Set - M,1,,,,,1,10,1699,2499,,,,MIT-PJ-01,3,Size,M,,1,,,,,,,,,,,
,variation,MIT-PJ-01-L,Red Check Flannel Pyjama Set - L,1,,,,,1,27,1699,2499,,,,MIT-PJ-01,4,Size,L,,1,,,,,,,,,,,
,variation,MIT-PJ-01-XL,Red Check Flannel Pyjama Set - XL,1,,,,,1,29,1699,2499,,,,MIT-PJ-01,5,Size,XL,,1,,,,,,,,,,,
,variation,MIT-PJ-01-XXL,Red Check Flannel Pyjama Set - XXL,1,,,,,1,28,1699,2499,,,,MIT-PJ-01,6,Size,XXL,,1,,,,,,,,,,,
,variable,MIT-PJ-02,Blush Gingham Pyjama Set,1,0,visible,,"Blush Gingham Pyjama Set from the Soft Nights drop. Relaxed two-piece set cut in yarn-dyed cotton check, finished with the soft focus · gingham artwork. Pre-shrunk, colour-fast and built for daily rotation.",1,,,,Women,"new, sale","{{IMAGE_BASE}}/pj-02-a.jpg, {{IMAGE_BASE}}/pj-02-b.jpg",,6,Size,"XS, S, M, L, XL, XXL",1,1,soft-nights,Pyjama Set,Blush | #efc3c8; Sky Check | #b8cee0,Relaxed two-piece set,Yarn-dyed cotton check,Soft focus · Gingham,#8a4a5c #f0c5cd #fdf6f3,672,900,4.6,118
,variation,MIT-PJ-02-XS,Blush Gingham Pyjama Set - XS,1,,,,,1,18,1599,2199,,,,MIT-PJ-02,1,Size,XS,,1,,,,,,,,,,,
,variation,MIT-PJ-02-S,Blush Gingham Pyjama Set - S,1,,,,,1,16,1599,2199,,,,MIT-PJ-02,2,Size,S,,1,,,,,,,,,,,
,variation,MIT-PJ-02-M,Blush Gingham Pyjama Set - M,1,,,,,1,24,1599,2199,,,,MIT-PJ-02,3,Size,M,,1,,,,,,,,,,,
,variation,MIT-PJ-02-L,Blush Gingham Pyjama Set - L,1,,,,,1,34,1599,2199,,,,MIT-PJ-02,4,Size,L,,1,,,,,,,,,,,
,variation,MIT-PJ-02-XL,Blush Gingham Pyjama Set - XL,1,,,,,1,13,1599,2199,,,,MIT-PJ-02,5,Size,XL,,1,,,,,,,,,,,
,variation,MIT-PJ-02-XXL,Blush Gingham Pyjama Set - XXL,1,,,,,0,0,1599,2199,,,,MIT-PJ-02,6,Size,XXL,,1,,,,,,,,,,,
,variable,MIT-PJ-03,Rose Bloom Pyjama Set,1,0,visible,,"Rose Bloom Pyjama Set from the Soft Nights drop. Loose co-ord set cut in airy viscose with a satin touch, finished with the soft focus · floral artwork. Pre-shrunk, colour-fast and built for daily rotation.",1,,,,Women,new,"{{IMAGE_BASE}}/pj-03-a.jpg, {{IMAGE_BASE}}/pj-03-b.jpg",,7,Size,"XS, S, M, L, XL, XXL",1,1,soft-nights,Pyjama Set,Rose Print | #d13a52; Peach Bloom | #f3b7a6,Loose co-ord set,Airy viscose with a satin touch,Soft focus · Floral,#8a4a5c #f0c5cd #fdf6f3,924,880,4.7,87
,variation,MIT-PJ-03-XS,Rose Bloom Pyjama Set - XS,1,,,,,1,18,2199,2699,,,,MIT-PJ-03,1,Size,XS,,1,,,,,,,,,,,
,variation,MIT-PJ-03-S,Rose Bloom Pyjama Set - S,1,,,,,1,18,2199,2699,,,,MIT-PJ-03,2,Size,S,,1,,,,,,,,,,,
,variation,MIT-PJ-03-M,Rose Bloom Pyjama Set - M,1,,,,,1,5,2199,2699,,,,MIT-PJ-03,3,Size,M,,1,,,,,,,,,,,
,variation,MIT-PJ-03-L,Rose Bloom Pyjama Set - L,1,,,,,1,7,2199,2699,,,,MIT-PJ-03,4,Size,L,,1,,,,,,,,,,,
,variation,MIT-PJ-03-XL,Rose Bloom Pyjama Set - XL,1,,,,,1,30,2199,2699,,,,MIT-PJ-03,5,Size,XL,,1,,,,,,,,,,,
,variation,MIT-PJ-03-XXL,Rose Bloom Pyjama Set - XXL,1,,,,,1,14,2199,2699,,,,MIT-PJ-03,6,Size,XXL,,1,,,,,,,,,,,
,variable,MIT-PJ-04,Powder Blue Pyjama Set,1,0,visible,,"Powder Blue Pyjama Set from the Soft Nights drop. Classic piped set cut in cotton-modal jacquard, finished with the soft focus · piped trim artwork. Pre-shrunk, colour-fast and built for daily rotation.",1,,,,Women,sale,"{{IMAGE_BASE}}/pj-04-a.jpg, {{IMAGE_BASE}}/pj-04-b.jpg",,8,Size,"XS, S, M, L, XL, XXL",1,1,soft-nights,Pyjama Set,Powder Blue | #bdd3e6; Ivory | #f2ece1,Classic piped set,Cotton-modal jacquard,Soft focus · Piped trim,#8a4a5c #f0c5cd #fdf6f3,588,820,4.4,63
,variation,MIT-PJ-04-XS,Powder Blue Pyjama Set - XS,1,,,,,0,0,1399,1999,,,,MIT-PJ-04,1,Size,XS,,1,,,,,,,,,,,
,variation,MIT-PJ-04-S,Powder Blue Pyjama Set - S,1,,,,,1,18,1399,1999,,,,MIT-PJ-04,2,Size,S,,1,,,,,,,,,,,
,variation,MIT-PJ-04-M,Powder Blue Pyjama Set - M,1,,,,,1,21,1399,1999,,,,MIT-PJ-04,3,Size,M,,1,,,,,,,,,,,
,variation,MIT-PJ-04-L,Powder Blue Pyjama Set - L,1,,,,,1,19,1399,1999,,,,MIT-PJ-04,4,Size,L,,1,,,,,,,,,,,
,variation,MIT-PJ-04-XL,Powder Blue Pyjama Set - XL,1,,,,,1,15,1399,1999,,,,MIT-PJ-04,5,Size,XL,,1,,,,,,,,,,,
,variation,MIT-PJ-04-XXL,Powder Blue Pyjama Set - XXL,1,,,,,1,14,1399,1999,,,,MIT-PJ-04,6,Size,XXL,,1,,,,,,,,,,,
,variable,MIT-PJ-05,Lilac Satin Pyjama Set,1,1,visible,,"Lilac Satin Pyjama Set from the Soft Nights drop. Fluid satin set cut in washed satin with lace trim, finished with the soft focus · lace trim artwork. Pre-shrunk, colour-fast and built for daily rotation.",1,,,,Women,"new, bestseller","{{IMAGE_BASE}}/pj-05-a.jpg, {{IMAGE_BASE}}/pj-05-b.jpg",,9,Size,"XS, S, M, L, XL, XXL",1,1,soft-nights,Pyjama Set,Lilac Mist | #cfcbe4; Champagne | #e8dcc8,Fluid satin set,Washed satin with lace trim,Soft focus · Lace trim,#8a4a5c #f0c5cd #fdf6f3,1092,930,4.9,42
,variation,MIT-PJ-05-XS,Lilac Satin Pyjama Set - XS,1,,,,,1,18,2599,3199,,,,MIT-PJ-05,1,Size,XS,,1,,,,,,,,,,,
,variation,MIT-PJ-05-S,Lilac Satin Pyjama Set - S,1,,,,,1,24,2599,3199,,,,MIT-PJ-05,2,Size,S,,1,,,,,,,,,,,
,variation,MIT-PJ-05-M,Lilac Satin Pyjama Set - M,1,,,,,1,33,2599,3199,,,,MIT-PJ-05,3,Size,M,,1,,,,,,,,,,,
,variation,MIT-PJ-05-L,Lilac Satin Pyjama Set - L,1,,,,,1,22,2599,3199,,,,MIT-PJ-05,4,Size,L,,1,,,,,,,,,,,
,variation,MIT-PJ-05-XL,Lilac Satin Pyjama Set - XL,1,,,,,1,31,2599,3199,,,,MIT-PJ-05,5,Size,XL,,1,,,,,,,,,,,
,variation,MIT-PJ-05-XXL,Lilac Satin Pyjama Set - XXL,1,,,,,1,33,2599,3199,,,,MIT-PJ-05,6,Size,XXL,,1,,,,,,,,,,,
